{
  "project_info": {
    "project_number": "352468866660",
    "project_id": "smart-parking-23ed8",
    "storage_bucket": "smart-parking-23ed8.appspot.com"
  },
  "client": [
    {
      "client_info": {
        "mobilesdk_app_id": "1:352468866660:android:b36188ac75337ab3c8f171",
        "android_client_info": {
          "package_name": "com.tss.smartparking"
        }
      },
      "oauth_client": [
        {
          "client_id": "352468866660-q7h9gmdctr2ia6v0dm4vi0iks6bac4j4.apps.googleusercontent.com",
          "client_type": 3
        }
      ],
      "api_key": [
        {
          "current_key": "AIzaSyCLAX6k-C-JPWRG_XZg8Qnw5AiK2u_VU5E"
        }
      ],
      "services": {
        "appinvite_service": {
          "other_platform_oauth_client": [
            {
              "client_id": "352468866660-q7h9gmdctr2ia6v0dm4vi0iks6bac4j4.apps.googleusercontent.com",
              "client_type": 3
            }
          ]
        }
      }
    }
  ],
  "configuration_version": "1"
}